,Patterned:,Collected
Positions,,
,,
1,200.0440415,194
2,186.8549223,180
3,184.3937824,170
4,173.5219067,175
5,193.7544363,206
6,182.8941609,204
7,176.6449107,191
,,
,185.444023,188.5714286
,9.23201116,14.02209141